metric,n_hist,n_fore,last_hist,first_fore,last_fore,change_initial_pct,change_total_pct,spike_count,uniform_detected,extreme_count,reversal_count,too_smooth,oscillation,max_fore,min_fore,overall_score
RTT waiting list (level),76,24,7218231.0,5151285.728074543,6991351.009920287,-28.635066845678075,35.720505112294106,0,False,0,0,True,0.0071815336848422544,6991351.009920287,5151285.728074543,PASS
A&E attendances (flow),64,24,4802727.0,5044654.309194545,5722938.282484575,5.037290464241362,13.445598681633511,1,False,0,0,False,0.017200131482039086,5722938.282484575,5044654.309194545,REVIEW
Workforce FTE (level),67,24,1379060.38392,1229470.855725926,1324173.877884888,-10.847206542824711,7.702746406546232,0,False,0,0,True,0.002030374165575426,1324173.877884888,1228399.0899980385,PASS
Bed occupancy (level),57,24,117314.868073,100124.6881333222,120981.15790774416,-14.653027550592391,20.830496617028444,0,False,0,0,True,0.0085720341912497,120981.15790774416,100124.6881333222,PASS
RTT % within 18 weeks (performance),76,24,0.649493296822923,0.649493296822923,0.6819679616640691,0.0,4.999999999999998,0,True,0,0,True,0.0009440034670454861,0.6819679616640691,0.649493296822923,REVIEW
A&E 12-hour decisions to admit (breach flow),22,22,97962.0,119465.15576242456,57467.90326832308,21.950507097062697,-51.89567794762924,0,False,0,0,False,0.1942810973739074,161077.96280003682,54867.91701277959,PASS
