transform,aicc,lb_p,lb_status,jb_p,jb_status,arch_p,arch_status,root_status,skewness,kurtosis,n_resid,fit_status,metric
None,-365.27684555216933,0.9839437969368723,PASS,0.0,FAIL,0.0008368363498392348,FAIL,PASS,5.183894396290476,39.99640174285867,76,SUCCESS,RTT waiting list (level)
Log,-677.4911099972935,0.9999999999996576,PASS,0.0,FAIL,0.005502083368412227,FAIL,PASS,8.537723534426572,73.93407835977985,76,SUCCESS,RTT waiting list (level)
None,-284.82448853780005,0.9998629875414721,PASS,0.0,FAIL,0.014461302776006189,FAIL,PASS,7.1167741456640785,59.27193082728649,76,SUCCESS,RTT % within 18 weeks (performance)
Logit,-205.2138712157,0.9691595994548742,PASS,0.0,FAIL,0.1702716827175385,PASS,PASS,3.675608169015053,31.3442319762507,76,SUCCESS,RTT % within 18 weeks (performance)
None,-16.994372065640782,0.7462403870660625,PASS,0.19361782878103326,PASS,0.8284399552022327,PASS,PASS,-0.9460398898884748,3.04789344061996,22,SUCCESS,A&E 12-hour decisions to admit (breach flow)
Log1p,-69.69109988155827,0.9969983809258143,PASS,9.270369781865017e-52,FAIL,0.026574518901116916,FAIL,PASS,3.8338926446726767,17.056503489725234,22,SUCCESS,A&E 12-hour decisions to admit (breach flow)
